company_name,pancard
A R Infra,DJDPP3235D
Aaryan Enterprises,AKZPM7874K
Ab Petrochem Pvt Ltd,AAICA4000B
Aberdare Technologies Private Limited,AAECH4625H
Abhay Abhikaran,ACCPP7221Q
Abi Motors,AAVFA0159M
Abi Showatech India Private Limited,AABCA8160B
Aceinfraline,ABMFA4125F
Acute Instruments Pvt Ltd,AAJCA8655M
Adichi Infra India Private Ltd,ABBCA6440P
Adipro India Private Limited,AAYCA6121F
Aditya Environmental Services Private Limited,AADCA4730B
Aditya Industries,AAQFA9113J
Adsun Offshore Diving Contractors Pvt. Ltd.,AACCA9673L
Advanced Sys-Tek Limited,AABCD3608F
Aeroflon Engineers Private Limited,AABCA3065H
Afton Chemical India Private Limited,AADCP3112G
Aif Services Corporation (Opc) Private Limited,AAZCA5105C
Aj Global,AACPJ4660P
Ajantha Mining Private Limited,AAXCA1520F
Alpar Industries,AAFFA0307D
Altrol Petrochem Private Limited,AAWCA0868P
Amara Raja Energy & Mobility Limited,AABCA9264E
Ameet Lubricants And Chemicals,AAIPN0990Q
Amol Oils,AAMPB2415Q
Anand Engineers Pvt Ltd,AAACA9591R
Anand Green Power,HFAPS4342F
Anand Trucking Private Limited,AALCA2784K
Andhra Pradesh Granite Midwest Private Limited,AAGCA3570N
Arabian Petroleum Ltd,AAHCA6383Q
Arc Offshore India Private Limited,AALCA9587A
Arihant Lubricants Pvt.Ltd.,AABCA4734H
Ark Autocorp Pvt Ltd,AALCA0650L
Arpit Oil Industries Private Limited,AAWCA1118Q
Artex Logistics Private Limited,AAWCA0630P
Ashok Leyland Limited,AAACA4651L
Ast Environment Solutions Private Limited,AAWCA4684R
Atc Motors,AAWFA7771N
Attaquant Chemical Private Limited,AAUCA0709P
Autobahn Trucking Corporation Private,AAJCA8786H
Avd Solutions,FDKPD0055A
Avis Motolink Private Limited,AABCL8831A
Avni Automobiles,ABIFA6381R
Axil Agro,ABRFA4345G
Axis Carriers & Logistics Limited,AADCA9585A
Bain Global Resources Llp,ABBFB2859G
Balaji Formalin Private Limited,AABCB7062K
Balmer Lawrie & Co Ltd,AABCB0984E
Bana Refinery Pvt Ltd,AAACB7403R
Banas Sand Suppliers,AAVFB7578D
Basf India Limited,AAACB4599E
Beaver Infra Consultants Private Limited,AADCB5547K
Bebbco Commercial Vehicle Pvt Ltd,AAECB8945L
Bekaert Mukand Wire Industries Private Limited,AAFCM1972K
Beml Ltd,AAACB8433D
Bengal Energy Limited,AADCB1581F
Bgr Mining & Infra Limited,AAECB5497R
Bhagyalaxmi Rolling Mill Private Limited,AADCB0390C
Bhagyodaya Automotive,AAHFB8708P
Bharat Mumbai Container Terminals Private Limited,AAFCB8930Q
Bhaskar Resources Private Limited,AACCB6407B
Bi Mining Private Limited,AAGCB6685D
Bijjargi Excavation Solutions,AAZFB2485P
Bijjargi Motors Private Limited,AAICB0303Q
Bla Projects Pvt Ltd,AACCB0089R
Bnt Motors Private Limited,AADCB1070D
Bombay Test House Private Limited,AAECB6268L
Bvs Equipments,AAPFB7040Q
Camlin Fine Sciences Limited,AACCC5235E
Capron Oil Management & Engineering Solutions Pvt.Ltd.,AABCC0614Q
Carborundum Universal Limited,AAACC2474P
Castrol India Limited,AAACC4481E
Chemophilic Technologies Private Limited,AALCC5657R
Chemtech,EHFPS4235F
Chennai Radha Engineering Works Private Limited,AACCC6068R
Chipsan Aviation Private Limited,AAECC9786E
Cicil Biochem Private Limited,AAPCS2034N
Clariant Igl Specialty Chemicals Private Limited,AAFCI7707J
Cognizant Chemical Private Limited,AAGCC5829E
Columbia Petro Chem Private Limited,AAACC4865C
Concord Oil Private Limited,AALCC4118R
Coraplus India Private Limited,AAHCE4277B
Croda India Company Pvt.Ltd,AAACC9212H
Ctrls Datacenters Limited,AADCC1951A
Cummins India Limited,AAACC7258B
Cummins Technologies India Private Limited,AABCT2018B
Dada Motors Private Limited,AAACD5844J
Dadachanji Aviation Private Limited,AAJCD4395D
Das Construction,BSKPD7601M
Daya Lubricants Pvt Ltd,AABCD0457C
Deccan Charters Pvt Ltd.,AACCD9105G
Deccan Sales And Service Private Limited,AACCD0267F
Dhingra Trucking Private Limited,AAECD3007B
Dhruvi Enterprise,ADQPR2708H
Diverse Techno Services Private Limited,AAECD5700F
Doosan Bobcat India Private Limited,AACCD6529L
Drs Earthwork Private Limited,AAHCD3883A
Drs Millennium Private Limited Maharashtra,AACCI3034M
Dsl Marketing Private Limited,AAACD8536H
Durga Infra Mining Private Limited,AAHCD9779K
Eagle Infra India Limited,AACCE7247G
Eastern Petroleum Private Limited,AAACE2440D
Eastman Auto & Power Limited,AACCM0993P
Eco Clean,CBKPC8454R
Ecogreen Enviro Services,BPOPP2191F
Eisen Infratech Private Limited,AAGCE6211L
Enginetech Systems Private Limited,AAACE6469N
Enso Oils And Lubricants Pvt Ltd,AABCJ6885A
Ensol Infratech Private Limited,AAECE3219L
Environ Speciality Chemicals Pvt Ltd,AAACE8977H
ES Infraserve Private Limited,AADCE0941L
Everest Engineering,AKIPM8938P
Excel Petroleum Private Limited,AAACE3431G
Extra Blue Private Limited,AAHCE2123Q
Feliz Envio Industries Private Limited,AACCF7610G
Fine Organic Industries Limited,AAACF7911Q
Fine Orgokem Pvt Ltd,AAGCM0855N
Finozol Speciality Chemicals Private Limited,AADCF8481A
Fluid Tech,ALEPD7689K
Foundation Engineering Company,AAAFF1792Q
Fuchs Lubricants India Private Limited,AABCB0983D
G R N Constructions Private Limited,AADCG1206C
Gainwell Commosales Private Limited,AAFCG8736M
Gajraj Automobiles Pvt Ltd,AADCG6614N
Galaxy Lube India Pvt. Ltd,AAECG8256F
Garuda Power Private Limited,AADCG3908M
Gbl Chemical Limited,AAHCG5231B
Geo Chem Laboratories Pvt Ltd,AAACG1884B
Geopetro Industries Private Limited,AAKCG5368A
Ghanaram Motors Private Limited,AAKCG9036F
Girnar Motors,AAGFG8635D
Global Oil Company,ATZPP1732G
Global Resources,AAOFG1844J
Global Trading Corporation,ACOPT7750J
Globe Cv Private Limited,AAECG7435Q
Gmmco Limited,AABCG0949C
Gnm Infrasolution Private Limited,AAECM4679A
Goc Petrochemicals Private Limited,AAHCG4223H
Godrej & Boyce Mfg.Co.Ltd.,AAACG1395D
Godrej Industries Limited,AAACG2953R
Green Power,AGBPA1660M
Greenox Oils Private Limited,AAKCG7596A
GS Caltex India Pvt Ltd,AADCG6605R
Gulati Diesels,AACFG9862E
Gulf Oil Lubricants India Limited,AACCH0941E
H & M Speciality Private Limited,AAHCH4876R
Hardcastle Petrofer Private Limited,AABCH5032R
High Grade Industries India Private Limited,AABCH1712Q
Himachal Polyolefins Limited,AAACH9542F
Hindalco Industries Limited,AAACH1201R
Hindustan Marble Private Limited,AAACH9145E
Hindustan Petroleum Corporation Ltd,AAACH1118B
Hindustan Trading Corporation,AACFH3406R
Hithiksha Enterprises,FFSPP2815A
Horizon Trucking,AALFH7826G
Hydac (India) Private Limited,AAACH2910B
Icones Equipments,AADFI7727B
Idemitsu Lube India Pvt Ltd,AABCI5684A
Idex India Private Limited,AAACL3371J
Imperial Wheels Private Limited,AAECI4174N
Ind-Aust Maritime Private Limited,AAACI7515H
Indamer Aviation Pvt Ltd,AAACI1061L
Indian Construction Machines Private Limited,AAGCI5512C
Indian Emulsifiers Ltd,AAFCI9300K
Indian Institute For Production Management,AAAAI0103M
Indian Institute Of Technology (Indian School Of Mines),AAAAI0686D
Indian Oil Corporation Limited,AAACI1681G
Indimo Tech Private Limited,AAGCI0470B
International Earthmovers,AAJFI5768E
Intertek India Pvt Ltd.,AAACI6890F
Ivc Logistics Limited,AAACI0755K
J M Baxi Ports & Logistics Private Limited,AAACU5182C
J.D.Lubricant,AALFJ1463H
Jade Bio Fuel,AAJFJ7460Q
Jagdish And Sons,AAHPM0034F
Jai Jagdish Transport,AAEFJ6547P
Jai Jaggarnnath Enterprises Private Limited,AACCJ0089P
Jakson Enterprises Pvt.Ltd.,AACCJ7171N
Jakson Ventures Private Limited,AAFCA9318M
Jasper Industries Private Limited,AAACJ5760H
Jasraj Infra,AAPFJ7174H
Jawrawala Petroleum,ABMPJ6937C
Jay Maharaj Sales Corporation,AFJPJ8963R
Jcb India Limited Ballabgarh,AAACE0078P
Jitendra Equipment,AAFFJ5518D
Jivisha Enterprises,AAUFJ4410B
Jn Machineries Private Limited,AACCJ1663R
Johar Automobiles,AAFFJ0143E
Joy Global (India) Private Limited,AAACJ8033D
Jp Associates And Laboratories,AAUPN0326J
Jwc Logistics Park Private Limited,AABCJ4231E
Jyoti Industries Freight Carrier Private Limited,AAECJ0106F
Kadoor Jcb,AAFFK8256R
Kahaan Lubricant Private Limited,AAGCK0291A
Kailash Infratech Pvt Ltd,AAECC5380N
Kamal Commercial Vehicles Private Limited,AAECK7749K
Kandoi Transport Limited,AAACK7197B
Kankesh Exims Private Limited,AACCH2597J
Karamjeet Singh & Company Limited - Mh,AABCK9004A
Karm Sales And Services Private Limited,AAGCK6783R
Kaveen Infra Solutions Pvt Ltd.,AAECK5582A
Kavya Chemtech Private Limited,AAKCK6193K
Kavya Impex,ABCFK0590N
Kestrel Aviation Pvt Ltd,AADCK2002L
Kiran Automotive,ARZPV6379B
Kirloskar Oil Engine Limited,AADCK5714H
Klp Enterprises,AANFK4260B
Kns Vinayak Mining And Infra Private Limited,AADCK7102K
Kobelco Construction Equipment India Pvt. Ltd.,AACCK9469N
Krishna Antioxidants Private Limited,AAACK1793M
L.S.R.Speciality Oils Private Limited,AAACL1017H
Lakeland Chemicals (India) Limited,AABCL0123F
Laksya Equipments Private Limited,AAECL7096E
Larsen & Toubro Limited,AAACL0140P
Leaf Blue,AAKFL6854B
Lemon Lubricants,AXPPS0198D
Liebherr India Private Limited,AABCL2049J
Lubrizol India Private Limited,AAACL0126H
Lucid Petro Chemical,AAKFL3570G
M G Brothers Automobiles Pvt Ltd,AABCM3712D
M P Engineers & Consultants,AAEPJ9538Q
M.G.Brothers Industries Pvt.Ltd.,AADCM2655H
Machfox India Private Limited,AAPCM7486G
Maddux Products Private Limited,AAOCM3208R
Madhura Engineering Services Private Limited,AAMCM6591K
Mahaganapati Lubricants Private Limited,AAQCM0627G
Mahalaxmi Infracontract Limited,AAGCM4615E
Mahindra And Mahindra Ltd,AAACM3025E
Makroo Motors Company,AAVFM0032H
Maniranjan Diesel Sales & Service Private Limited,AABCM9631K
Manitou Equipment India Pvt Ltd,AABCT8105H
Mansons International Private Limited,AAGCM3404K
Mark Speciality India Pvt.Ltd.,AAECM0347F
Marksmen Construction Equipments,ANXPG3486G
Marshal Oil And Lubricants,BUXPS4047P
Masany Construction Equipment Private Limited,AAMCM7610D
Max Corporation,ARLPG2664E
Mayank Equipments,AETPK0089E
Melzer Chemicals Pvt Ltd,AABCM4138M
Mexico Oil Industries,AFDPD9485N
Mgb Motor And Auto Agencies Pvt Ltd,AACCM3689E
Mitra Commercial & Automobiles Llp,ABMFM0687L
Mks Construction Equipments,ABTFM9615P
Mohan Earth Movers Llp,ABHFM0835B
Mosil Lubricants Private Limited,AABCM9320M
Mr Suppliers,AYVPR8323C
Ms Automotive Services Private Limited,AAECM4834D
Msi Shipping Services India Pvt Ltd,AAFCM6098J
Mythri Infrastructure And Mining India Private Limited,AANCM1587C
Nandan Petrochem Limited,AAACN1199G
Natraj Power Tech,AAPFN7242N
Navgire Petrochemicals,AAHFN9997Q
Ncc Limited,AAACN7335C
Neelkanth Infrastructure Limited,AACCN4462C
New Envirotech Pvt Ltd,AAHCN0004H
Newage Techsol,AGYPN6345F
Nexton Lubricants,AALFN7467M
Nhava Sheva Distribution Terminal Pvt Ltd,AAICN5675M
Nick Petrochem Private Limited,AADCN1445Q
Nijhara Power Solutions,AARPN9309G
Nilachal Greentech Engineers Private Ltd,AAFCN1411Q
Nilkanth Infra Mining Limited,AAICN8262G
Nopo Nanotechnologies India Private Limited,AADCN5913D
Normet India (P) Ltd.,AADCT0886F
Npl Bluesky Automotive Private Limited,AADCN6245L
Oiltech Lubricants Pvt. Ltd,AAACO8022F
Om Diesels Private Limited,AABCO6666Q
Om Hydraulics Equipments,ADIPS7972G
Om Infra Core,AAIFO6199G
Onyx Oil India Private Limited,AADCO0472A
Opender Kanwaljit Constructive Solutions Llp,AAFFO6909D
Pacific Oil And Energy (India),AFDPD1664B
Padmaja Aerobiological Private Limited,AAACP4630L
Pagesol Enterprises,AAYFP8492K
Pal Jay Power Solutions Pvt Ltd.,AAECC6820H
Pal Sales And Service Pvt Ltd,AAGCP9796B
Pal Svam Power Solutions Private Limited,AAECL1081B
Panchmahal Motors,CNKPK2447Q
Patel Infracore,AFSPP8311G
Patel Petro Private Limited,AABCP0782A
Patidar Industries,AAJFP4308H
Pavan Motors,AAZFP6704B
Pawan Hans Limited,AAACP1561A
Pawansut Infra Developers Private Limited,AALCP8247Q
Peliswan Impex Private Limited,AAJCP0768J
Platina Oil Field Pvt Ltd,AAFCP1656D
Polytest Laboratories,AABFP4776D
Pon Pure Chemical India Private Limited,AACCP3026E
Pps Motors Private Limited,AAFCP8182N
Prabal Motors Private Limited,AAECP0166B
Prayati Shipping Private Limited,AAFCP0218F
Prem Nath Diesels Pvt Ltd,AAACP2701L
Premier Petrochem,APSPS3614P
Premium Chick Feeds Private Limited,AAACP2422Q
Pristine Environment Solutions,ABDFP1276F
Pristine Fluids Private Limited,AAJCP6378C
Progressive Motors Pvt.Ltd.,AABCP7549K
Pronano Tech India Private Limited,AANCP2969D
Psn Construction Equipment Pvt. Ltd.,AADCP8159R
Qss Inspection And Testing Private Limited,AAACQ9624P
Quality Speciality Chemicals Private Limited,AAACQ9009N
Quebec Petroleum Resources Limited,AAACQ1596N
Raagni Equipment Private Limited,AAJCR9573K
Raaj Unocal Lubricants Limited,AAACR3337G
Raj Sons Auto Private Limited,AAECR7290Q
Rajesh Cargo Movers (India) Private Limited,AAGCR8316K
Rajesh Motors Rajasthan Private Limited,AACCR7249F
Rama Excavators,AAEFR4153P
Ramdev Earthmovers,AAHFR3545G
Ramesh Chand Grover,ADAPG8266D
Ramgarh Sales Private Limited,AADCR3464R
Randhawa Automobiles Engineering Pvt Ltd,AABCR6869A
Ranjana Group Of Industries Pvt Ltd,AAKCR0736P
Ratnapprabbha World,ABHFR8597F
Recon Technologies Pvt Ltd,AABCR6571R
Reliance Bp Mobility Limited,AAHCR2546N
Renlecc Laboratories Opc Pvt Ltd,AAKCR6156P
Risheek Automotive,AFQPD1575E
Rites Limited,AAACR0830Q
Rocktech Engineers,AAEFR7021G
Rohan Energy Solutions Private Limited,AAHCR5321D
Rosa International,AEKPC3295B
Rural Craft And Creation Private Limited,AACCR9136R
Rushabh Sealink And Logistic Pvt Ltd.,AAACP2214L
S.A.Yadav,AAEPY4262G
S.V.Engineering Constructions,AAIFS2414A
Sagar Petroleums Private Limited,AAFCS2516R
Sai Baba Polymer Technologies Private Limited,AAICS7577B
Sai Pranav Infra Projects Pvt Ltd,AAMCS2528L
Sainik Mining And Allied Services Limited - Jharkhand,AAACS2791P
Samal Equip,ACLFS8735M
Sandvik Mining And Rock Technology India Private Limited,ABBCS6927M
Santhosh Motorss,ACJFS7389D
Sany Heavy Industry India Private Limited,AAGCS7754L
Sany Wind Energy India Private Limited,AAXCS8139G
Satya Trucking Private Limited,AAQCS4627L
Satyam Petroleum,AHGPK9912J
Savita Oil Technologies Ltd.,AAACS7934A
Saybolt Inspection Services India Private Limited,AALCS0948P
Sbb Constructions Private Limited,AAPCS6962F
Schwing Stetter (India) Private Limited,AADCS5069D
Seil Energy India Limited,AACCT8413D
Sgs India Pvt Ltd,AAACS5514Q
Shalimar Enterprise,CQGPK6317Q
Shandong Heavy Industry India Private Limited,AAPCS5350R
Shankar Equipments Ltd,AAJCS6246A
Shanti Automotives India Pvt. Ltd.,AAPCS8368H
Shethia Erectors & Material Handlers Ltd,AABCS4622C
Shield Lubricants And Specialities Private Limited,AANCS5450L
Shine India Technology & Co,ADOFS3515K
Shivakamam Engineering And Construction Equipments Llp,AEQFS6014L
Shivam Infra,AUBPK2557M
Shree Balajee Infraequipment Pvt. Ltd.,AAOCS4766L
Shree Cement Limited,AACCS8796G
Shree Equipments,AAKCK0495L
Shree Lakshmi Infra Equipments,ADJFS3309Q
Shree Laxmee Enterprises,DPDPS7912Q
Shree Shyam Fuelco Private Limited,ABKCS7861D
Shree Siddhivinayak Automobiles,AEEFS4110B
Shreeji Engineering,DMGPB0355G
Shreeram Enterprises,AAIPW9871B
Shreyans Infra And Equipments,AETFS5213E
Shyam Industries,AEQFS5017P
Shyamoli Paribahan Private Limited,AARCS8542D
Siddharth Auto Engineers Private Limited,AABCS4210J
Siddharth Grease & Lubes Private Limited,AASCS4106N
Siemens Gamesa Renewable Power Private Limited,AACCG6027C
Sikka Ports & Terminals Limited,AABCR3878B
Simpson & Co. Ltd,AAACS4909F
Singlepeak Lube Technologies,ADPFS1359C
Singlepeak Technologies Private Limited,ABECS0665H
Sk Minerals & Additives Private Limited,ABHCS8509B
Skade Minerals Llp,AFAFS1691G
Skf Engineering And Lubrication India Private Limited,AAACL2061P
Sky Lab Analytical Laboratory,AKWPP4426B
Sms Limited,AACCS9854P
Solaris Chemical Corporation,AACCA6673J
Sonu Monu Roadlines,ACVFS3389R
Spectro Analytical Labs Pvt. Ltd.,AACCS2840R
Spectrum Diagnostic Laboratory & Research Centre,AECFS3670L
Spirited Motor Vehicles Limited,ABBCS9610H
Sri Harsha Trucking Private Limited,AAQCS6936E
Sri Laxmi Narasimha Motors,ADPFS9374K
Sri Mallikarjunaswamy Enterprises,AFDFS3648N
Sri Nagakrishna Logistics,AECFS4021H
Sri Raja Rajeshwara Automobiles,ATKPB6839P
Sri Ramadas Motor Transport Ltd,AADCS1196B
Sri Rathinam Blue Metals,ADYFS9118A
Sridhanalakshmi Auto Agencies Private Limited,AAZCS5574K
Srinivasa Sales & Service Private Limited,AAMCS8086K
Sriram Industries,ARXPG2911N
Ss Excavation Solutions Llp,ADFFS0862C
Standard Grease & Specialities Pvt Ltd,AALCS2136B
Star Industries,AACPK5731G
Sterling Generators Private Limited,AACCS2107H
Stribeck Addichem,AEOFS8652Q
Suchita Millenium Projects Private Limited,AAMCS1974J
Sudhir Sales And Services Limited,AANCS0891F
Sumpump Oil Co,BORPJ2847E
Sunitha Sales And Service Private Limited,AAMCS7892P
Sunrise Industries,ACAFS8181L
Super Hi-Tech Engineers & Contractors,AAGFS4610J
Suryakiran Earthmovers Pvt Ltd,AAXCS6196B
Svp Mining Technologies Private Limited,AAPCS2110R
Swara Enterprise,AELFS7120L
Tata Hitachi Construction Machinery Company Private Limited,AAACT9077B
Tata Motors Ltd,AAACT2727Q
Tcrc Petrolabs Bharat Private Limited,AAHCT7451N
The Automotive Research Association Of India,AAATT1989P
The Western India Genuine Ghee Company Private Limited,AAACT3195J
Tholia Motors Private Limited,AAICT8855F
Thriveni Earthmovers Private Limited,AABCT6759R
Thriveni Sainik Mining Pvt Ltd,AAFCT6119D
Tide Water Oil Co. India Ltd,AABCT1122C
Time Equipment Pvt.Ltd. Haryana,AACCT8996K
Tirumala Turbo Lubes Private Limited,AAHCT1428P
Topland Engines Private L Imited,AABCT6162E
Topspares Private Limited,AAACT9285H
Transasia Petrochem Private Limited,AAECT8137A
Transcreek Engineers Pvt Ltd,AAACT5626Q
Trident Services Pvt. Ltd,AACCT0173G
Trishul Industrial Marketing,AARFT4308D
Twf Shoring India Llp,AALFT7583J
Twin Photon Global Sciences,EMFPM1211L
Unique Solution,AAFFU2337P
United Air Express,AABFU5637J
United Infracore Limited,AABCU0255B
United Motors,AAYPG1941J
United Rail Road Consultants Pvt Ltd,AAACU2794A
United Technical & Economic Services (P) Ltd,AAACU4084B
Universal Petro Chemicals Limited,AAACU3243L
Upcountry Vehicle Pvt.Ltd.,AABCU5734B
Urss Techservices Private Ltd,AAACU2709F
Valvoline Cummins Private Limited,AAACW0287A
Vantage Construction Equipments,AATFV7750P
Varahi Associates,AAHFV1600L
Varanya Chemoil Private Limited,AAICV2651F
Varun Motors Private Limited,AABCV2471Q
Ve Commercial Vehicles Limited,AABCE9378F
Veekay International,AACFV1930G
Vellore Institute Of Technology,AAATN0569M
Vena Energy Fatanpur Power Private Limited,AADCE6919N
Vena Energy Power Resources Private Limited,AADCE3251B
Venkata Sai Motors Private Limited,AAECV3817B
Vertex Infracore Solutions,AAJFV7430J
Vfpl-Asipl Jv Company,AABAV0191P
Vijaya Lakshmi Mining & Logistics Private Limited,AAICV8847P
Vinayak Enterprises,AAIFV9048B
Vinayak Oil Industries,AAAFV0069Q
Vinayakam Equipments Private Limited,AAGCV8920P
Vipro Industries,AACFV5542N
Vista Driveline Motors Private Limited,AACCV2537N
Vpr Mining Infrastructure Private Limited,AACCV6733A
"Waves Tradecom Pvt.Ltd.,",AAACW8983H
We Brand Bio,AIUPG3645B
West Coast Lubricants And Asphalts Private Limited,AAACW3334Q
Western Dredging,AAAFW8642E
Westfields Services,AAGPT8838F
Wilfred Laboratories Private Limited,AADCW5223D
Wirtgen India Private Limited,AAACW2816R
Yanmar Engine Manufacturing India Private Limited,AABCY0575C
Yantraman Automac Private Limited,AAACY0695E
Yas Tours And Travels,AADFY0877A
Zidan Trading Private Limited,AABCZ4098D
Zuddha Eco Solutions Pvt Ltd,AABCZ2324E
