customer_name,company_id,gst_no
A R Infra,1,27DJDPP3235D1ZE
Aaryan Enterprises,2,27AKZPM7874K1ZW
Ab Petrochem Pvt Ltd,3,27AAICA4000B1ZG
Aberdare Technologies Private Limited,4,27AAECH4625H1ZM
Abhay Abhikaran,5,23ACCPP7221Q1ZC
Abi Motors,6,33AAVFA0159M1Z5
Abi Showatech India Private Limited,7,33AABCA8160B1Z9
Aceinfraline,8,27ABMFA4125F1ZM
Acute Instruments Pvt Ltd,9,27AAJCA8655M1ZZ
Adichi Infra India Private Ltd,10,09ABBCA6440P1ZA
Adipro India Private Limited,11,27AAYCA6121F1ZI
Aditya Environmental Services Private Limited,12,27AADCA4730B1Z8
Aditya Industries,13,27AAQFA9113J1Z5
Adsun Offshore Diving Contractors Pvt. Ltd.,14,27AACCA9673L1Z4
Advanced Sys-Tek Limited,15,24AABCD3608F1Z6
Aeroflon Engineers Private Limited,16,24AABCA3065H1Z2
Afton Chemical India Private Limited,17,27AADCP3112G1ZT
Aif Services Corporation (Opc) Private Limited,18,27AAZCA5105C1ZP
Aj Global,19,27AACPJ4660P1ZB
Ajantha Mining Private Limited,20,21AAXCA1520F1Z2
Alpar Industries,21,27AAFFA0307D1Z7
Altrol Petrochem Private Limited,22,27AAWCA0868P1ZP
Amara Raja Energy & Mobility Limited,23,36AABCA9264E1ZQ
Ameet Lubricants And Chemicals,24,27AAIPN0990Q1ZY
Amol Oils,25,27AAMPB2415Q1ZI
Anand Engineers Pvt Ltd,26,27AAACA9591R1ZT
Anand Green Power,27,27HFAPS4342F1ZD
Anand Trucking Private Limited,28,02AALCA2784K2ZI
Anand Trucking Private Limited,28,02AALCA2784K2ZI
Andhra Pradesh Granite Midwest Private Limited,29,37AAGCA3570N1ZB
Arabian Petroleum Ltd,30,27AAHCA6383Q1ZW
Arc Offshore India Private Limited,31,37AALCA9587A1ZC
Arihant Lubricants Pvt.Ltd.,32,27AABCA4734H1ZU
Ark Autocorp Pvt Ltd,33,08AALCA0650L1ZK
Arpit Oil Industries Private Limited,34,06AAWCA1118Q1Z6
Artex Logistics Private Limited,35,29AAWCA0630P1Z1
Ashok Leyland Limited,36,33AAACA4651L1ZT
Ast Environment Solutions Private Limited,37,24AAWCA4684R1ZL
Atc Motors,38,27AAWFA7771N1ZF
Attaquant Chemical Private Limited,39,27AAUCA0709P1Z3
Autobahn Trucking Corporation Private,40,27AAJCA8786H2Z1
Autobahn Trucking Corporation Private,40,27AAJCA8786H2Z1
Autobahn Trucking Corporation Private,40,27AAJCA8786H1Z2
Autobahn Trucking Corporation Private,40,27AAJCA8786H1Z2
Autobahn Trucking Corporation Private,40,32AAJCA8786H1ZB
Autobahn Trucking Corporation Private,40,27AAJCA8786H2Z1
Autobahn Trucking Corporation Private,40,27AAJCA8786H1Z2
Autobahn Trucking Corporation Private,40,27AAJCA8786H2Z1
Autobahn Trucking Corporation Private,40,32AAJCA8786H1ZB
Autobahn Trucking Corporation Private,40,32AAJCA8786H1ZB
Autobahn Trucking Corporation Private,40,32AAJCA8786H1ZB
Avd Solutions,41,27FDKPD0055A1Z4
Avis Motolink Private Limited,42,24AABCL8831A1ZX
Avni Automobiles,43,23ABIFA6381R1ZV
Axil Agro,44,33ABRFA4345G1ZG
Axis Carriers & Logistics Limited,45,27AADCA9585A1ZN
Bain Global Resources Llp,46,21ABBFB2859G1ZT
Balaji Formalin Private Limited,47,27AABCB7062K1ZJ
Balmer Lawrie & Co Ltd,48,19AABCB0984E1ZS
Bana Refinery Pvt Ltd,49,27AAACB7403R1ZD
Banas Sand Suppliers,50,24AAVFB7578D1Z1
Basf India Limited,51,27AAACB4599E1ZL
Beaver Infra Consultants Private Limited,52,27AADCB5547K1ZF
Bebbco Commercial Vehicle Pvt Ltd,53,20AAECB8945L1ZI
Bekaert Mukand Wire Industries Private Limited,54,27AAFCM1972K1Z5
Beml Ltd,55,29AAACB8433D1ZU
Beml Ltd,55,20AAACB8433D1ZC
Beml Ltd,55,29AAACB8433D1ZU
Bengal Energy Limited,56,19AADCB1581F1ZT
Bgr Mining & Infra Limited,57,20AAECB5497R1Z5
Bgr Mining & Infra Limited,57,20AAECB5497R1Z5
Bhagyalaxmi Rolling Mill Private Limited,58,27AADCB0390C1Z5
Bhagyodaya Automotive,59,27AAHFB8708P1ZU
Bharat Mumbai Container Terminals Private Limited,60,27AAFCB8930Q1Z0
Bhaskar Resources Private Limited,61,24AACCB6407B1ZC
Bi Mining Private Limited,62,09AAGCB6685D1ZG
Bijjargi Excavation Solutions,63,29AAZFB2485P1ZA
Bijjargi Motors Private Limited,64,29AAICB0303Q1ZI
Bla Projects Pvt Ltd,65,19AACCB0089R1Z4
Bnt Motors Private Limited,66,07AADCB1070D1ZA
Bombay Test House Private Limited,67,27AAECB6268L1Z8
Bvs Equipments,68,24AAPFB7040Q1ZZ
Camlin Fine Sciences Limited,69,27AACCC5235E1ZZ
Capron Oil Management & Engineering Solutions Pvt.Ltd.,70,19AABCC0614Q1ZJ
Carborundum Universal Limited,71,32AAACC2474P2ZJ
Castrol India Limited,72,27AAACC4481E1ZV
Chemophilic Technologies Private Limited,73,27AALCC5657R1ZP
Chemtech,74,33EHFPS4235F1ZE
Chennai Radha Engineering Works Private Limited,75,22AACCC6068R1Z9
Chennai Radha Engineering Works Private Limited,75,23AACCC6068R1Z7
Chipsan Aviation Private Limited,76,07AAECC9786E1ZB
Cicil Biochem Private Limited,77,27AAPCS2034N1ZW
Clariant Igl Specialty Chemicals Private Limited,78,27AAFCI7707J1ZA
Cognizant Chemical Private Limited,79,27AAGCC5829E1ZN
Columbia Petro Chem Private Limited,80,27AAACC4865C1ZV
Columbia Petro Chem Private Limited,80,27AAACC4865C2ZU
Concord Oil Private Limited,81,27AALCC4118R1Z3
Coraplus India Private Limited,82,27AAHCE4277B1ZQ
Croda India Company Pvt.Ltd,83,27AAACC9212H1ZU
Ctrls Datacenters Limited,84,27AADCC1951A1Z7
Ctrls Datacenters Limited,84,29AADCC1951A2Z2
Cummins India Limited,85,27AAACC7258B1ZW
Cummins India Limited,85,27AAACC7258B1ZW
Cummins Technologies India Private Limited,86,27AABCT2018B1ZY
Cummins Technologies India Private Limited,86,27AABCT2018B1ZY
Cummins Technologies India Private Limited,86,23AABCT2018B1Z6
Cummins Technologies India Private Limited,86,27AABCT2018B1ZY
Cummins Technologies India Private Limited,86,27AABCT2018B1ZY
Dada Motors Private Limited,87,03AAACD5844J3ZQ
Dadachanji Aviation Private Limited,88,27AAJCD4395D1ZI
Das Construction,89,16BSKPD7601M1ZL
Daya Lubricants Pvt Ltd,90,27AABCD0457C1Z5
Deccan Charters Pvt Ltd.,91,27AACCD9105G1ZT
Deccan Sales And Service Private Limited,92,24AACCD0267F1Z4
Deccan Sales And Service Private Limited,92,23AACCD0267F1Z6
Deccan Sales And Service Private Limited,92,24AACCD0267F1Z4
Deccan Sales And Service Private Limited,92,24AACCD0267F1Z4
Deccan Sales And Service Private Limited,92,08AACCD0267F1ZY
Deccan Sales And Service Private Limited,92,08AACCD0267F1ZY
Dhingra Trucking Private Limited,93,06AAECD3007B1ZG
Dhingra Trucking Private Limited,93,06AAECD3007B1ZG
Dhingra Trucking Private Limited,93,06AAECD3007B1ZG
Dhingra Trucking Private Limited,93,06AAECD3007B1ZG
Dhingra Trucking Private Limited,93,06AAECD3007B1ZG
Dhingra Trucking Private Limited,93,07AAECD3007B1ZE
Dhingra Trucking Private Limited,93,06AAECD3007B1ZG
Dhruvi Enterprise,94,27ADQPR2708H1Z7
Diverse Techno Services Private Limited,95,19AAECD5700F1ZX
Doosan Bobcat India Private Limited,96,29AACCD6529L1Z8
Doosan Bobcat India Private Limited,96,33AACCD6529L1ZJ
Drs Earthwork Private Limited,97,27AAHCD3883A1ZR
Drs Millennium Private Limited Maharashtra,98,27AACCI3034M1ZJ
Dsl Marketing Private Limited,99,27AAACD8536H1ZK
Durga Infra Mining Private Limited,100,24AAHCD9779K1ZX
Eagle Infra India Limited,101,27AACCE7247G1ZL
Eastern Petroleum Private Limited,102,27AAACE2440D1Z8
Eastman Auto & Power Limited,103,06AACCM0993P1ZZ
Eastman Auto & Power Limited,103,06AACCM0993P3ZX
Eastman Auto & Power Limited,103,27AACCM0993P1ZV
Eco Clean,104,27CBKPC8454R2ZT
Ecogreen Enviro Services,105,24BPOPP2191F1ZQ
Eisen Infratech Private Limited,106,33AAGCE6211L1ZR
Enginetech Systems Private Limited,107,27AAACE6469N1Z2
Enso Oils And Lubricants Pvt Ltd,108,27AABCJ6885A1ZJ
Ensol Infratech Private Limited,109,08AAECE3219L1ZK
Environ Speciality Chemicals Pvt Ltd,110,27AAACE8977H1Z6
Environ Speciality Chemicals Pvt Ltd,110,27AAACE8977H1Z6
ES Infraserve Private Limited,111,23AADCE0941L1ZU
Everest Engineering,112,33AKIPM8938P3Z9
Excel Petroleum Private Limited,113,27AAACE3431G1Z1
Extra Blue Private Limited,114,20AAHCE2123Q1ZS
Feliz Envio Industries Private Limited,115,27AACCF7610G2ZS
Fine Organic Industries Limited,116,27AAACF7911Q1Z6
Fine Orgokem Pvt Ltd,117,27AAGCM0855N1Z2
Finozol Speciality Chemicals Private Limited,118,27AADCF8481A1ZP
Fluid Tech,119,27ALEPD7689K2ZI
Foundation Engineering Company,120,27AAAFF1792Q1ZX
Fuchs Lubricants India Private Limited,121,27AABCB0983D1ZY
G R N Constructions Private Limited,122,27AADCG1206C1ZB
Gainwell Commosales Private Limited,123,19AAFCG8736M1ZW
Gajraj Automobiles Pvt Ltd,124,21AADCG6614N1ZM
Galaxy Lube India Pvt. Ltd,125,27AAECG8256F1ZG
Garuda Power Private Limited,126,21AADCG3908M1ZP
Garuda Power Private Limited,126,19AADCG3908M1ZA
Garuda Power Private Limited,126,19AADCG3908M1ZA
Garuda Power Private Limited,126,20AADCG3908M1ZR
Garuda Power Private Limited,126,20AADCG3908M1ZR
Garuda Power Private Limited,126,10AADCG3908M1ZS
Garuda Power Private Limited,126,18AADCG3908M1ZC
Garuda Power Private Limited,126,20AADCG3908M1ZR
Garuda Power Private Limited,126,18AADCG3908M1ZC
Garuda Power Private Limited,126,18AADCG3908M1ZC
Garuda Power Private Limited,126,19AADCG3908M1ZA
Garuda Power Private Limited,126,18AADCG3908M1ZC
Gbl Chemical Limited,127,27AAHCG5231B1Z0
Geo Chem Laboratories Pvt Ltd,128,27AAACG1884B1ZW
Geopetro Industries Private Limited,129,27AAKCG5368A1ZL
Ghanaram Motors Private Limited,130,09AAKCG9036F1ZC
Girnar Motors,131,27AAGFG8635D1ZD
Global Oil Company,132,27ATZPP1732G1Z7
Global Resources,133,24AAOFG1844J1Z9
Global Trading Corporation,134,07ACOPT7750J1ZU
Globe Cv Private Limited,135,03AAECG7435Q1Z8
Globe Cv Private Limited,135,03AAECG7435Q1Z8
Globe Cv Private Limited,135,03AAECG7435Q1Z8
Globe Cv Private Limited,135,03AAECG7435Q1Z8
Globe Cv Private Limited,135,03AAECG7435Q1Z8
Globe Cv Private Limited,135,03AAECG7435Q1Z8
Gmmco Limited,136,27AABCG0949C1ZX
Gnm Infrasolution Private Limited,137,08AAECM4679A1ZH
Goc Petrochemicals Private Limited,138,26AAHCG4223H1ZS
Godrej & Boyce Mfg.Co.Ltd.,139,27AAACG1395D1ZU
Godrej Industries Limited,140,27AAACG2953R1Z3
Green Power,141,22AGBPA1660M2ZU
Greenox Oils Private Limited,142,08AAKCG7596A1ZB
GS Caltex India Pvt Ltd,143,27AADCG6605R1Z3
GS Caltex India Pvt Ltd,143,27AADCG6605R1Z3
Gulati Diesels,144,06AACFG9862E1ZC
Gulf Oil Lubricants India Limited,145,19AACCH0941E1ZW
H & M Speciality Private Limited,146,27AAHCH4876R1ZL
Hardcastle Petrofer Private Limited,147,01AABCH5032R1ZN
Hardcastle Petrofer Private Limited,147,24AABCH5032R1ZF
High Grade Industries India Private Limited,148,26AABCH1712Q1ZI
Himachal Polyolefins Limited,149,02AAACH9542F1ZW
Hindalco Industries Limited,150,21AAACH1201R1ZZ
Hindustan Marble Private Limited,151,24AAACH9145E1ZT
Hindustan Petroleum Corporation Ltd,152,26AAACH1118B1ZE
Hindustan Trading Corporation,153,27AACFH3406R1Z4
Hithiksha Enterprises,154,29FFSPP2815A2Z7
Horizon Trucking,155,20AALFH7826G1ZG
Hydac (India) Private Limited,156,27AAACH2910B1ZA
Icones Equipments,157,32AADFI7727B1ZS
Idemitsu Lube India Pvt Ltd,158,27AABCI5684A1ZP
Idex India Private Limited,159,24AAACL3371J1ZM
Imperial Wheels Private Limited,160,10AAECI4174N1ZJ
Indamer Aviation Pvt Ltd,162,27AAACI1061L1ZO
Ind-Aust Maritime Private Limited,161,35AAACI7515H1ZP
Indian Construction Machines Private Limited,163,27AAGCI5512C1ZX
Indian Emulsifiers Ltd,164,27AAFCI9300K1ZF
Indian Institute For Production Management,165,21AAAAI0103M1ZD
Indian Institute Of Technology (Indian School Of Mines),166,20AAAAI0686D1ZA
Indian Oil Corporation Limited,167,27AAACI1681G1ZP
Indian Oil Corporation Limited,167,26AAACI1681G1ZR
Indian Oil Corporation Limited,167,20AAACI1681G3Z1
Indian Oil Corporation Limited,167,22AAACI1681G1ZZ
Indian Oil Corporation Limited,167,19AAACI1681G1ZM
Indian Oil Corporation Limited,167,27AAACI1681G1ZP
Indian Oil Corporation Limited,167,06AAACI1681G1ZT
Indian Oil Corporation Limited,167,33AAACI1681G1ZW
Indimo Tech Private Limited,168,27AAGCI0470B1Z0
International Earthmovers,169,19AAJFI5768E1ZZ
Intertek India Pvt Ltd.,170,27AAACI6890F1ZE
Ivc Logistics Limited,171,07AAACI0755K1ZL
J M Baxi Ports & Logistics Private Limited,172,27AAACU5182C1ZH
J.D.Lubricant,173,24AALFJ1463H1ZF
Jade Bio Fuel,174,36AAJFJ7460Q1ZK
Jagdish And Sons,175,27AAHPM0034F1Z4
Jai Jagdish Transport,176,22AAEFJ6547P1ZY
Jai Jaggarnnath Enterprises Private Limited,177,21AACCJ0089P1ZF
Jakson Enterprises Pvt.Ltd.,178,09AACCJ7171N1Z0
Jakson Ventures Private Limited,179,09AAFCA9318M1Z7
Jakson Ventures Private Limited,179,09AAFCA9318M1Z7
Jakson Ventures Private Limited,179,05AAFCA9318M1ZF
Jakson Ventures Private Limited,179,05AAFCA9318M1ZF
Jasper Industries Private Limited,180,36AAACJ5760H1ZJ
Jasraj Infra,181,08AAPFJ7174H1ZT
Jawrawala Petroleum,182,24ABMPJ6937C1ZO
Jay Maharaj Sales Corporation,183,24AFJPJ8963R1ZI
Jcb India Limited Ballabgarh,184,06AAACE0078P1ZH
Jitendra Equipment,185,24AAFFJ5518D1ZP
Jivisha Enterprises,186,27AAUFJ4410B1ZJ
Jn Machineries Private Limited,187,37AACCJ1663R1Z0
Jn Machineries Private Limited,187,33AACCJ1663R1Z8
Jn Machineries Private Limited,187,33AACCJ1663R1Z8
Jn Machineries Private Limited,187,33AACCJ1663R1Z8
Jn Machineries Private Limited,187,33AACCJ1663R1Z8
Jn Machineries Private Limited,187,33AACCJ1663R1Z8
Jn Machineries Private Limited,187,33AACCJ1663R1Z8
Jn Machineries Private Limited,187,34AACCJ1663R1Z6
Johar Automobiles,188,06AAFFJ0143E1ZY
Joy Global (India) Private Limited,189,20AAACJ8033D1Z8
Jp Associates And Laboratories,190,27AAUPN0326J1ZE
Jwc Logistics Park Private Limited,191,27AABCJ4231E1ZZ
Jyoti Industries Freight Carrier Private Limited,192,27AAECJ0106F1Z4
Kadoor Jcb,193,32AAFFK8256R1ZP
Kahaan Lubricant Private Limited,194,27AAGCK0291A1ZX
Kailash Infratech Pvt Ltd,195,23AAECC5380N1ZG
Kamal Commercial Vehicles Private Limited,196,08AAECK7749K1ZX
Kandoi Transport Limited,197,21AAACK7197B2ZT
Kankesh Exims Private Limited,198,24AACCH2597J1ZE
Karamjeet Singh & Company Limited - Mh,199,27AABCK9004A1Z1
Karm Sales And Services Private Limited,200,22AAGCK6783R1ZR
Karm Sales And Services Private Limited,200,23AAGCK6783R1ZP
Karm Sales And Services Private Limited,200,23AAGCK6783R1ZP
Karm Sales And Services Private Limited,200,27AAGCK6783R1ZH
Karm Sales And Services Private Limited,200,27AAGCK6783R1ZH
Karm Sales And Services Private Limited,200,22AAGCK6783R1ZR
Kaveen Infra Solutions Pvt Ltd.,201,24AAECK5582A1ZT
Kavya Chemtech Private Limited,202,24AAKCK6193K1Z1
Kavya Impex,203,27ABCFK0590N1Z0
Kestrel Aviation Pvt Ltd,204,27AADCK2002L1ZS
Kiran Automotive,205,27ARZPV6379B1ZU
Kirloskar Oil Engine Limited,206,27AADCK5714H1ZK
Klp Enterprises,207,27AANFK4260B1ZH
Klp Enterprises,207,36AANFK4260B1ZI
Klp Enterprises,207,24AANFK4260B1ZN
Kns Vinayak Mining And Infra Private Limited,208,22AADCK7102K2ZS
Kobelco Construction Equipment India Pvt. Ltd.,209,09AACCK9469N1ZM
Krishna Antioxidants Private Limited,210,27AAACK1793M1Z5
L.S.R.Speciality Oils Private Limited,211,27AAACL1017H1ZY
Lakeland Chemicals (India) Limited,212,27AABCL0123F1Z4
Laksya Equipments Private Limited,213,03AAECL7096E1ZJ
Larsen & Toubro Limited,214,29AAACL0140P6ZA
Larsen & Toubro Limited,214,33AAACL0140P8ZJ
Larsen & Toubro Limited,214,36AAACL0140P4ZH
Larsen & Toubro Limited,214,19AAACL0140P4ZD
Larsen & Toubro Limited,214,20AAACL0140P4ZU
Larsen & Toubro Limited,214,21AAACL0140P3ZT
Larsen & Toubro Limited,214,27AAACL0140P2ZI
Larsen & Toubro Limited,214,02AAACL0140P2ZU
Larsen & Toubro Limited,214,08AAACL0140P5ZF
Larsen & Toubro Limited,214,23AAACL0140P5ZN
Larsen & Toubro Limited,214,06AAACL0140P3ZL
Larsen & Toubro Limited,214,19AAACL0140P4ZD
Larsen & Toubro Limited,214,27AAACL0140P2ZI
Larsen & Toubro Limited,214,07AAACL0140P3ZJ
Larsen & Toubro Limited,214,27AAACL0140P2ZI
Larsen & Toubro Limited,214,19AAACL0140P4ZD
Larsen & Toubro Limited,214,20AAACL0140P4ZU
Larsen & Toubro Limited,214,21AAACL0140P3ZT
Larsen & Toubro Limited,214,36AAACL0140P4ZH
Leaf Blue,215,29AAKFL6854B1Z3
Lemon Lubricants,216,27AXPPS0198D1Z2
Liebherr India Private Limited,217,27AABCL2049J1ZI
Liebherr India Private Limited,217,19AABCL2049J1ZF
Liebherr India Private Limited,217,19AABCL2049J1ZF
Liebherr India Private Limited,217,19AABCL2049J1ZF
Lubrizol India Private Limited,218,27AAACL0126H1ZY
Lucid Petro Chemical,219,33AAKFL3570G1ZD
M G Brothers Automobiles Pvt Ltd,220,37AABCM3712D1ZX
M P Engineers & Consultants,221,27AAEPJ9538Q1ZW
M.G.Brothers Industries Pvt.Ltd.,222,37AADCM2655H1ZF
Machfox India Private Limited,223,06AAPCM7486G1ZV
Maddux Products Private Limited,224,27AAOCM3208R1ZT
Madhura Engineering Services Private Limited,225,36AAMCM6591K1ZQ
Mahaganapati Lubricants Private Limited,226,29AAQCM0627G1Z9
Mahalaxmi Infracontract Limited,227,27AAGCM4615E1ZN
Mahalaxmi Infracontract Limited,227,21AAGCM4615E2ZY
Mahindra And Mahindra Ltd,228,27AAACM3025E1ZZ
Mahindra And Mahindra Ltd,228,36AAACM3025E1Z0
Makroo Motors Company,229,01AAVFM0032H1ZN
Maniranjan Diesel Sales & Service Private Limited,230,29AABCM9631K1Z1
Maniranjan Diesel Sales & Service Private Limited,230,33AABCM9631K1ZC
Maniranjan Diesel Sales & Service Private Limited,230,29AABCM9631K1Z1
Maniranjan Diesel Sales & Service Private Limited,230,29AABCM9631K1Z1
Maniranjan Diesel Sales & Service Private Limited,230,29AABCM9631K1Z1
Maniranjan Diesel Sales & Service Private Limited,230,29AABCM9631K1Z1
Maniranjan Diesel Sales & Service Private Limited,230,29AABCM9631K1Z1
Manitou Equipment India Pvt Ltd,231,09AABCT8105H1ZC
Mansons International Private Limited,232,27AAGCM3404K1ZH
Mark Speciality India Pvt.Ltd.,233,27AAECM0347F1ZQ
Marksmen Construction Equipments,234,23ANXPG3486G1ZN
Marshal Oil And Lubricants,235,27BUXPS4047P1ZE
Masany Construction Equipment Private Limited,236,32AAMCM7610D1ZR
Max Corporation,237,24ARLPG2664E1ZZ
Mayank Equipments,238,08AETPK0089E1Z9
Melzer Chemicals Pvt Ltd,239,27AABCM4138M1Z9
Mexico Oil Industries,240,27AFDPD9485N1ZT
Mgb Motor And Auto Agencies Pvt Ltd,241,36AACCM3689E1ZC
Mitra Commercial & Automobiles Llp,242,19ABMFM0687L1ZJ
Mks Construction Equipments,243,09ABTFM9615P1Z3
Mohan Earth Movers Llp,244,06ABHFM0835B1ZQ
Mosil Lubricants Private Limited,245,27AABCM9320M1Z7
Mr Suppliers,246,27AYVPR8323C1ZY
Ms Automotive Services Private Limited,247,27AAECM4834D1ZM
Msi Shipping Services India Pvt Ltd,248,24AAFCM6098J1Z2
Mythri Infrastructure And Mining India Private Limited,249,21AANCM1587C1ZN
Nandan Petrochem Limited,250,27AAACN1199G1ZF
Natraj Power Tech,251,23AAPFN7242N1ZR
Navgire Petrochemicals,252,27AAHFN9997Q1ZV
Ncc Limited,253,27AAACN7335C1ZP
Ncc Limited,253,27AAACN7335C1ZP
Neelkanth Infrastructure Limited,254,24AACCN4462C1ZV
New Envirotech Pvt Ltd,255,24AAHCN0004H1Z2
Newage Techsol,256,21AGYPN6345F1Z4
Nexton Lubricants,257,24AALFN7467M1ZK
Nhava Sheva Distribution Terminal Pvt Ltd,258,27AAICN5675M1ZP
Nick Petrochem Private Limited,259,24AADCN1445Q1Z8
Nijhara Power Solutions,260,06AARPN9309G1ZB
Nilachal Greentech Engineers Private Ltd,261,18AAFCN1411Q1Z9
Nilkanth Infra Mining Limited,262,19AAICN8262G1Z2
Nilkanth Infra Mining Limited,262,27AAICN8262G1Z5
Nopo Nanotechnologies India Private Limited,263,29AADCN5913D1ZK
Normet India (P) Ltd.,264,08AADCT0886F1Z8
Npl Bluesky Automotive Private Limited,265,26AADCN6245L1Z6
Oiltech Lubricants Pvt. Ltd,266,27AAACO8022F1ZO
Om Diesels Private Limited,267,06AABCO6666Q1ZQ
Om Hydraulics Equipments,268,27ADIPS7972G1ZW
Om Infra Core,269,22AAIFO6199G1Z0
Onyx Oil India Private Limited,270,27AADCO0472A1ZX
Opender Kanwaljit Constructive Solutions Llp,271,03AAFFO6909D1ZJ
Pacific Oil And Energy (India),272,27AFDPD1664B3ZZ
Padmaja Aerobiological Private Limited,273,27AAACP4630L1ZC
Pagesol Enterprises,274,09AAYFP8492K1ZY
Pal Jay Power Solutions Pvt Ltd.,275,07AAECC6820H1ZS
Pal Jay Power Solutions Pvt Ltd.,275,09AAECC6820H1ZO
Pal Jay Power Solutions Pvt Ltd.,275,09AAECC6820H1ZO
Pal Sales And Service Pvt Ltd,276,01AAGCP9796B1ZC
Pal Svam Power Solutions Private Limited,277,06AAECL1081B1Z2
Pal Svam Power Solutions Private Limited,277,01AAECL1081B1ZC
Pal Svam Power Solutions Private Limited,277,03AAECL1081B1Z8
Pal Svam Power Solutions Private Limited,277,02AAECL1081B1ZA
Pal Svam Power Solutions Private Limited,277,06AAECL1081B1Z2
Pal Svam Power Solutions Private Limited,277,06AAECL1081B1Z2
Pal Svam Power Solutions Private Limited,277,06AAECL1081B1Z2
Pal Svam Power Solutions Private Limited,277,06AAECL1081B1Z2
Panchmahal Motors,278,24CNKPK2447Q1ZG
Patel Infracore,279,24AFSPP8311G1Z8
Patel Petro Private Limited,280,27AABCP0782A1ZT
Patidar Industries,281,27AAJFP4308H1Z7
Pavan Motors,282,29AAZFP6704B1ZV
Pawan Hans Limited,283,27AAACP1561A1ZZ
Pawansut Infra Developers Private Limited,284,10AALCP8247Q1ZT
Peliswan Impex Private Limited,285,24AAJCP0768J1Z6
Platina Oil Field Pvt Ltd,286,24AAFCP1656D1ZQ
Polytest Laboratories,287,27AABFP4776D1Z7
Pon Pure Chemical India Private Limited,288,29AACCP3026E1ZP
Pps Motors Private Limited,289,33AAFCP8182N1ZV
Pps Motors Private Limited,289,08AAFCP8182N1ZO
Pps Motors Private Limited,289,21AAFCP8182N1Z0
Pps Motors Private Limited,289,23AAFCP8182N1ZW
Pps Motors Private Limited,289,21AAFCP8182N1Z0
Pps Motors Private Limited,289,21AAFCP8182N1Z0
Pps Motors Private Limited,289,21AAFCP8182N1Z0
Pps Motors Private Limited,289,21AAFCP8182N1Z0
Pps Motors Private Limited,289,21AAFCP8182N1Z0
Pps Motors Private Limited,289,21AAFCP8182N1Z0
Pps Motors Private Limited,289,21AAFCP8182N1Z0
Prabal Motors Private Limited,290,33AAECP0166B1Z1
Prayati Shipping Private Limited,291,27AAFCP0218F1ZS
Prem Nath Diesels Pvt Ltd,292,27AAACP2701L1ZK
Prem Nath Diesels Pvt Ltd,292,33AAACP2701L1ZR
Premier Petrochem,293,27APSPS3614P1ZZ
Premium Chick Feeds Private Limited,294,27AAACP2422Q1Z8
Pristine Environment Solutions,295,09ABDFP1276F1Z8
Pristine Fluids Private Limited,296,37AAJCP6378C1Z4
Progressive Motors Pvt.Ltd.,297,24AABCP7549K1Z3
Pronano Tech India Private Limited,298,27AANCP2969D1Z2
Psn Construction Equipment Pvt. Ltd.,299,29AADCP8159R1ZD
Psn Construction Equipment Pvt. Ltd.,299,32AADCP8159R1ZQ
Psn Construction Equipment Pvt. Ltd.,299,29AADCP8159R1ZD
Qss Inspection And Testing Private Limited,300,27AAACQ9624P1ZR
Quality Speciality Chemicals Private Limited,301,27AAACQ9009N1Z0
Quebec Petroleum Resources Limited,302,24AAACQ1596N1Z2
Raagni Equipment Private Limited,303,09AAJCR9573K1ZH
Raagni Equipment Private Limited,303,05AAJCR9573K1ZP
Raaj Unocal Lubricants Limited,304,06AAACR3337G1ZN
Raj Sons Auto Private Limited,305,09AAECR7290Q1ZG
Rajesh Cargo Movers (India) Private Limited,306,27AAGCR8316K1ZZ
Rajesh Motors Rajasthan Private Limited,307,08AACCR7249F1Z8
Rajesh Motors Rajasthan Private Limited,307,08AACCR7249F1Z8
Rajesh Motors Rajasthan Private Limited,307,08AACCR7249F1Z8
Rama Excavators,308,36AAEFR4153P1ZR
Ramdev Earthmovers,309,08AAHFR3545G1Z4
Ramesh Chand Grover,310,23ADAPG8266D1ZX
Ramgarh Sales Private Limited,311,20AADCR3464R1Z3
Randhawa Automobiles Engineering Pvt Ltd,312,27AABCR6869A1ZB
Randhawa Automobiles Engineering Pvt Ltd,312,27AABCR6869A1ZB
Ranjana Group Of Industries Pvt Ltd,313,27AAKCR0736P1ZT
Ratnapprabbha World,314,27ABHFR8597F1ZI
Recon Technologies Pvt Ltd,315,36AABCR6571R1ZM
Reliance Bp Mobility Limited,316,27AAHCR2546N1ZW
Renlecc Laboratories Opc Pvt Ltd,317,07AAKCR6156P1ZL
Risheek Automotive,318,09AFQPD1575E1ZE
Rites Limited,319,06AAACR0830Q1ZA
Rites Limited,319,22AAACR0830Q1ZG
Rites Limited,319,09AAACR0830Q1Z4
Rites Limited,319,10AAACR0830Q1ZL
Rites Limited,319,27AAACR0830Q1Z6
Rites Limited,319,08AAACR0830Q1Z6
Rites Limited,319,21AAACR0830Q2ZH
Rites Limited,319,24AAACR0830Q1ZC
Rites Limited,319,03AAACR0830Q1ZG
Rocktech Engineers,320,27AAEFR7021G1ZC
Rohan Energy Solutions Private Limited,321,27AAHCR5321D1ZM
Rohan Energy Solutions Private Limited,321,32AAHCR5321D1ZV
Rosa International,322,09AEKPC3295B1ZO
Rural Craft And Creation Private Limited,323,08AACCR9136R1ZL
Rushabh Sealink And Logistic Pvt Ltd.,324,27AAACP2214L1ZK
S.A.Yadav,325,27AAEPY4262G1ZF
S.V.Engineering Constructions,326,36AAIFS2414A1ZP
Sagar Petroleums Private Limited,327,36AAFCS2516R1ZW
Sai Baba Polymer Technologies Private Limited,328,33AAICS7577B2Z8
Sai Baba Polymer Technologies Private Limited,328,27AAICS7577B1Z2
Sai Baba Polymer Technologies Private Limited,328,36AAICS7577B1Z3
Sai Baba Polymer Technologies Private Limited,328,19AAICS7577B1ZZ
Sai Baba Polymer Technologies Private Limited,328,22AAICS7577B1ZC
Sai Baba Polymer Technologies Private Limited,328,09AAICS7577B1Z0
Sai Baba Polymer Technologies Private Limited,328,29AAICS7577B1ZY
Sai Baba Polymer Technologies Private Limited,328,33AAICS7577B2Z8
Sai Baba Polymer Technologies Private Limited,328,21AAICS7577B1ZE
Sai Pranav Infra Projects Pvt Ltd,329,36AAMCS2528L1ZX
Sainik Mining And Allied Services Limited - Jharkhand,330,20AAACS2791P1Z5
Samal Equip,331,21ACLFS8735M1ZK
Sandvik Mining And Rock Technology India Private Limited,332,22ABBCS6927M1Z2
Sandvik Mining And Rock Technology India Private Limited,332,08ABBCS6927M1ZS
Santhosh Motorss,333,33ACJFS7389D1ZS
Sany Wind Energy India Private Limited,335,27AAXCS8139G1ZL
Satya Trucking Private Limited,336,22AAQCS4627L2ZX
Satyam Petroleum,337,24AHGPK9912J1Z5
Savita Oil Technologies Ltd.,338,26AAACS7934A1ZL
Saybolt Inspection Services India Private Limited,339,27AALCS0948P2ZK
Sbb Constructions Private Limited,340,21AAPCS6962F1Z4
Schwing Stetter (India) Private Limited,341,33AADCS5069D1ZJ
Seil Energy India Limited,342,37AACCT8413D1ZH
Sgs India Pvt Ltd,343,27AAACS5514Q1ZY
Shalimar Enterprise,344,26CQGPK6317Q1Z9
Shandong Heavy Industry India Private Limited,345,27AAPCS5350R1ZF
Shankar Equipments Ltd,346,10AAJCS6246A1ZU
Shanti Automotives India Pvt. Ltd.,347,21AAPCS8368H1ZW
Shethia Erectors & Material Handlers Ltd,348,27AABCS4622C2ZQ
Shield Lubricants And Specialities Private Limited,349,27AANCS5450L1ZS
Shine India Technology & Co,350,24ADOFS3515K1ZT
Shivakamam Engineering And Construction Equipments Llp,351,33AEQFS6014L1ZO
Shivam Infra,352,10AUBPK2557M2ZQ
Shree Balajee Infraequipment Pvt. Ltd.,353,08AAOCS4766L1ZI
Shree Cement Limited,354,29AACCS8796G1ZN
Shree Equipments,355,18AAKCK0495L1ZZ
Shree Lakshmi Infra Equipments,356,37ADJFS3309Q1ZF
Shree Laxmee Enterprises,357,08DPDPS7912Q2ZZ
Shree Shyam Fuelco Private Limited,358,09ABKCS7861D1ZX
Shree Siddhivinayak Automobiles,359,27AEEFS4110B1ZL
Shreeji Engineering,360,27DMGPB0355G1ZE
Shreeram Enterprises,361,27AAIPW9871B1Z6
Shreyans Infra And Equipments,362,05AETFS5213E1Z0
Shyam Industries,363,24AEQFS5017P1ZE
Shyamoli Paribahan Private Limited,364,19AARCS8542D1ZV
Siddharth Auto Engineers Private Limited,365,27AABCS4210J1ZK
Siddharth Grease & Lubes Private Limited,366,06AASCS4106N1ZW
Siemens Gamesa Renewable Power Private Limited,367,37AACCG6027C1ZY
Sikka Ports & Terminals Limited,368,24AABCR3878B1ZK
Simpson & Co. Ltd,369,33AAACS4909F1ZN
Singlepeak Lube Technologies,370,24ADPFS1359C1Z3
Singlepeak Technologies Private Limited,371,24ABECS0665H1ZF
Sk Minerals & Additives Private Limited,372,03ABHCS8509B1ZL
Skade Minerals Llp,373,20AFAFS1691G1ZB
Skf Engineering And Lubrication India Private Limited,374,29AAACL2061P1Z7
Sky Lab Analytical Laboratory,375,27AKWPP4426B1ZX
Sms Limited,376,37AACCS9854P1ZE
Solaris Chemical Corporation,377,27AACCA6673J1ZE
Sonu Monu Roadlines,378,21ACVFS3389R1Z0
Spectro Analytical Labs Pvt. Ltd.,379,07AACCS2840R1ZX
Spectrum Diagnostic Laboratory & Research Centre,380,07AECFS3670L1ZP
Spirited Motor Vehicles Limited,381,27ABBCS9610H1Z9
Spirited Motor Vehicles Limited,381,06ABBCS9610H1ZD
Spirited Motor Vehicles Limited,381,09ABBCS9610H1Z7
Sri Harsha Trucking Private Limited,382,36AAQCS6936E1ZW
Sri Harsha Trucking Private Limited,382,29AAQCS6936E1ZR
Sri Harsha Trucking Private Limited,382,37AAQCS6936E2ZT
Sri Laxmi Narasimha Motors,383,36ADPFS9374K1Z2
Sri Mallikarjunaswamy Enterprises,384,36AFDFS3648N1ZF
Sri Nagakrishna Logistics,385,36AECFS4021H1ZA
Sri Raja Rajeshwara Automobiles,386,36ATKPB6839P3ZY
Sri Ramadas Motor Transport Ltd,387,37AADCS1196B1ZJ
Sri Rathinam Blue Metals,388,33ADYFS9118A1ZU
Sridhanalakshmi Auto Agencies Private Limited,389,37AAZCS5574K1Z8
Sridhanalakshmi Auto Agencies Private Limited,389,29AAZCS5574K1Z5
Srinivasa Sales & Service Private Limited,390,36AAMCS8086K1ZI
Srinivasa Sales & Service Private Limited,390,37AAMCS8086K1ZG
Srinivasa Sales & Service Private Limited,390,36AAMCS8086K1ZI
Srinivasa Sales & Service Private Limited,390,37AAMCS8086K1ZG
Srinivasa Sales & Service Private Limited,390,36AAMCS8086K1ZI
Srinivasa Sales & Service Private Limited,390,21AAMCS8086K1ZT
Srinivasa Sales & Service Private Limited,390,37AAMCS8086K1ZG
Sriram Industries,391,37ARXPG2911N1Z7
Ss Excavation Solutions Llp,392,27ADFFS0862C1Z9
Standard Grease & Specialities Pvt Ltd,393,27AALCS2136B1ZM
Star Industries,394,27AACPK5731G1ZV
Sterling Generators Private Limited,395,27AACCS2107H1ZO
Stribeck Addichem,396,27AEOFS8652Q1ZT
Suchita Millenium Projects Private Limited,397,20AAMCS1974J1Z6
Suchita Millenium Projects Private Limited,397,29AAMCS1974J1ZO
Sudhir Sales And Services Limited,398,23AANCS0891F1ZA
Sudhir Sales And Services Limited,398,24AANCS0891F1Z8
Sudhir Sales And Services Limited,398,24AANCS0891F1Z8
Sudhir Sales And Services Limited,398,03AANCS0891F1ZC
Sudhir Sales And Services Limited,398,24AANCS0891F1Z8
Sumpump Oil Co,399,27BORPJ2847E1ZO
Sunitha Sales And Service Private Limited,400,32AAMCS7892P1ZC
Sunitha Sales And Service Private Limited,400,32AAMCS7892P1ZC
Sunrise Industries,401,06ACAFS8181L1ZP
Super Hi-Tech Engineers & Contractors,402,22AAGFS4610J1ZF
Suryakiran Earthmovers Pvt Ltd,403,22AAXCS6196B1Z0
Svp Mining Technologies Private Limited,404,27AAPCS2110R1ZV
Svp Mining Technologies Private Limited,404,22AAPCS2110R1Z5
Swara Enterprise,405,24AELFS7120L1ZR
Tata Hitachi Construction Machinery Company Private Limited,406,02AAACT9077B2ZL
Tata Hitachi Construction Machinery Company Private Limited,406,08AAACT9077B1ZA
Tata Hitachi Construction Machinery Company Private Limited,406,09AAACT9077B1Z8
Tata Hitachi Construction Machinery Company Private Limited,406,19AAACT9077B1Z7
Tata Hitachi Construction Machinery Company Private Limited,406,20AAACT9077B1ZO
Tata Hitachi Construction Machinery Company Private Limited,406,21AAACT9077B1ZM
Tata Hitachi Construction Machinery Company Private Limited,406,22AAACT9077B1ZK
Tata Hitachi Construction Machinery Company Private Limited,406,23AAACT9077B1ZI
Tata Hitachi Construction Machinery Company Private Limited,406,27AAACT9077B1ZA
Tata Hitachi Construction Machinery Company Private Limited,406,29AAACT9077B1Z6
Tata Hitachi Construction Machinery Company Private Limited,406,33AAACT9077B1ZH
Tata Hitachi Construction Machinery Company Private Limited,406,36AAACT9077B1ZB
Tata Hitachi Construction Machinery Company Private Limited,406,37AAACT9077B1Z9
Tata Hitachi Construction Machinery Company Private Limited,406,19AAACT9077B1Z7
Tata Hitachi Construction Machinery Company Private Limited,406,24AAACT9077B1ZG
Tata Motors Ltd,407,27AAACT2727Q1ZW
Tcrc Petrolabs Bharat Private Limited,408,27AAHCT7451N1ZO
The Automotive Research Association Of India,409,27AAATT1989P1ZL
The Western India Genuine Ghee Company Private Limited,410,24AAACT3195J2Z7
Tholia Motors Private Limited,411,27AAICT8855F1ZU
Thriveni Earthmovers Private Limited,412,37AABCT6759R1ZC
Thriveni Earthmovers Private Limited,412,21AABCT6759R1ZP
Thriveni Sainik Mining Pvt Ltd,413,20AAFCT6119D2ZT
Tide Water Oil Co. India Ltd,414,27AABCT1122C1Z1
Time Equipment Pvt.Ltd. Haryana,415,06AACCT8996K1ZJ
Tirumala Turbo Lubes Private Limited,416,37AAHCT1428P1ZU
Topland Engines Private L Imited,417,24AABCT6162E1ZL
Topspares Private Limited,418,19AAACT9285H1ZT
Topspares Private Limited,418,19AAACT9285H1ZT
Topspares Private Limited,418,19AAACT9285H1ZT
Transasia Petrochem Private Limited,419,27AAECT8137A1ZH
Transcreek Engineers Pvt Ltd,420,27AAACT5626Q1ZS
Trident Services Pvt. Ltd,421,27AACCT0173G1ZJ
Trident Services Pvt. Ltd,421,27AACCT0173G1ZJ
Trishul Industrial Marketing,422,09AARFT4308D1Z1
Twf Shoring India Llp,423,07AALFT7583J1ZF
Twin Photon Global Sciences,424,27EMFPM1211L1Z3
Unique Solution,425,32AAFFU2337P1ZX
United Air Express,426,20AABFU5637J1Z9
United Infracore Limited,427,20AABCU0255B1Z8
United Motors,428,01AAYPG1941J1ZO
United Rail Road Consultants Pvt Ltd,429,36AAACU2794A1ZI
United Technical & Economic Services (P) Ltd,430,07AAACU4084B1ZM
Universal Petro Chemicals Limited,431,27AAACU3243L1Z8
Upcountry Vehicle Pvt.Ltd.,432,20AABCU5734B1ZY
Urss Techservices Private Ltd,433,08AAACU2709F1ZK
Valvoline Cummins Private Limited,434,27AAACW0287A1ZN
Valvoline Cummins Private Limited,434,06AAACW0287A1ZR
Vantage Construction Equipments,435,08AATFV7750P1ZY
Varahi Associates,436,22AAHFV1600L2ZE
Varanya Chemoil Private Limited,437,21AAICV2651F1ZM
Varun Motors Private Limited,438,37AABCV2471Q1ZR
Ve Commercial Vehicles Limited,439,23AABCE9378F3ZI
Ve Commercial Vehicles Limited,439,03AABCE9378F1ZM
Ve Commercial Vehicles Limited,439,06AABCE9378F1ZG
Ve Commercial Vehicles Limited,439,08AABCE9378F1ZC
Ve Commercial Vehicles Limited,439,19AABCE9378F1Z9
Ve Commercial Vehicles Limited,439,21AABCE9378F1ZO
Ve Commercial Vehicles Limited,439,22AABCE9378F1ZM
Ve Commercial Vehicles Limited,439,23AABCE9378F5ZG
Ve Commercial Vehicles Limited,439,24AABCE9378F1ZI
Ve Commercial Vehicles Limited,439,27AABCE9378F1ZC
Ve Commercial Vehicles Limited,439,29AABCE9378F1Z8
Ve Commercial Vehicles Limited,439,36AABCE9378F1ZD
Ve Commercial Vehicles Limited,439,37AABCE9378F1ZB
Ve Commercial Vehicles Limited,439,27AABCE9378F1ZC
Veekay International,440,19AACFV1930G1Z9
Vellore Institute Of Technology,441,33AAATN0569M1ZE
Vena Energy Fatanpur Power Private Limited,442,23AADCE6919N1ZC
Vena Energy Power Resources Private Limited,443,37AADCE3251B1Z5
Venkata Sai Motors Private Limited,444,36AAECV3817B1ZL
Vertex Infracore Solutions,445,27AAJFV7430J1ZR
Vfpl-Asipl Jv Company,446,21AABAV0191P2ZC
Vijaya Lakshmi Mining & Logistics Private Limited,447,36AAICV8847P1Z8
Vinayak Enterprises,448,29AAIFV9048B1ZV
Vinayak Oil Industries,449,27AAAFV0069Q1ZP
Vinayakam Equipments Private Limited,450,18AAGCV8920P1ZI
Vipro Industries,451,27AACFV5542N1ZP
Vista Driveline Motors Private Limited,452,29AACCV2537N1ZU
Vpr Mining Infrastructure Private Limited,453,21AACCV6733A1ZV
Vpr Mining Infrastructure Private Limited,453,20AACCV6733A3ZV
Vpr Mining Infrastructure Private Limited,453,20AACCV6733A3ZV
Waves Tradecom Pvt.Ltd.,454,01AAACW8983H1Z4
We Brand Bio,455,27AIUPG3645B1Z9
West Coast Lubricants And Asphalts Private Limited,456,27AAACW3334Q1ZW
West Coast Lubricants And Asphalts Private Limited,456,27AAACW3334Q1ZW
Western Dredging,457,30AAAFW8642E2ZE
Westfields Services,458,22AAGPT8838F1ZG
Wilfred Laboratories Private Limited,459,33AADCW5223D1ZR
Wirtgen India Private Limited,460,27AAACW2816R1ZT
Yanmar Engine Manufacturing India Private Limited,461,33AABCY0575C1ZO
Yantraman Automac Private Limited,462,24AAACY0695E1ZF
Yas Tours And Travels,463,34AADFY0877A1ZD
Zidan Trading Private Limited,464,24AABCZ4098D1ZA
Zuddha Eco Solutions Pvt Ltd,465,33AABCZ2324E1ZS
